Name,Address,decimalLatitude,decimalLongitude
국립공원공단 본사,강원특별자치도 원주시 혁신로 22,37.3238242077259,127.976704931245
국립공원연구원 본원,강원특별자치도 원주시 단구로 171,37.3369694079522,127.947724482633
치악산국립공원사무소,강원특별자치도 원주시 소초면 무쇠점2길 26,37.4140421500777,128.050384626252
